,CL,MTB,PRU,UHS,YUM
nn,0.0014167553059261208,0.0008631821043936559,0.001182081645040619,0.000732118392977817,0.0003456773476819505
garch,0.13292235832165245,0.09328715806103287,0.10670730107702063,0.1190186971408473,0.06992039171050088
arch,0.13292235832165245,0.09328715806103287,0.10670730107702063,0.1190186971408473,0.06992039171050088
gjr_garch,0.13292531646188893,0.09328747649807925,0.10633492014022686,0.1060228492259489,0.06851476569920821
egarch,0.06337443119716692,0.04160078789098808,0.09368723960488588,0.07629021619438277,0.07498886580315546
