,CB,GD,GM,JPM,PPG
nn,0.0009426813081051937,0.0016254110226701574,0.003245429628513248,0.0018357222186362104,0.0030967189244170625
garch,0.10502824832880651,0.09787492530590716,0.13789004162501162,0.2668437039966094,0.1281801670430069
arch,0.10502824832880651,0.09787492530590716,0.13789004162501162,0.2668437039966094,0.1281801670430069
gjr_garch,0.09154129243261781,0.09775192908017687,0.13749818739309658,0.23876121535047906,0.12816664707626368
egarch,0.11192674767120783,0.12594266798606463,0.1520192632866666,0.3087009333383055,0.11924038230431584
